,0,1
0,t3480,6.946303295786967
1,t777,6.205998742657625
2,t775,5.996979324790226
3,t772,5.338829892705601
4,t770,5.723847548053472
5,t778,5.508688491215654
6,t174,4.127322518415831
7,t175,5.003790432061136
8,t2579,6.711895756874819
9,t177,3.9691168510011825
10,t170,4.313722514758761
11,t171,5.429010904602386
12,t172,3.846523552592264
13,t3007,6.886997121702214
14,t2570,6.648954253974324
15,t178,4.626746916570927
16,t179,4.100973487192351
17,t619,5.6530210826466405
18,t1959,6.297935052804191
19,t2682,6.638535449560623
20,t2686,6.595044920709208
21,t611,5.442340736553518
22,t610,6.614015870725039
23,t613,5.397483224869681
24,t612,5.733345760498112
25,t615,5.524922265588023
26,t617,5.411904883265986
27,t616,6.548131778788935
28,t2370,6.467953593560853
29,t2379,6.680994112623346
30,t2378,6.64245544907313
31,t3176,6.848031040928899
32,t3177,6.756926899430151
33,t505,5.894530684019287
34,t504,5.379794225665022
35,t507,5.533463421086148
36,t506,5.5952402756571695
37,t501,5.41633215854511
38,t500,6.3310459122608025
39,t503,5.716228148438646
40,t502,5.1865812602433845
41,t509,5.622471490802465
42,t508,6.525044683232263
43,t2198,6.531233656788862
44,t2644,6.9131498299102665
45,t2194,6.436562799151853
46,t2197,6.9197371638603
47,t2190,6.7637295864647395
48,t2193,6.951810841893083
49,t2752,6.74849441250585
50,t1889,6.2461198842339005
51,t2756,6.625929996827322
52,t2755,6.648112383516373
53,t2978,6.833666431391774
54,t1882,6.510868788346491
55,t1883,6.290045003881084
56,t1880,6.48165132567518
57,t2206,6.388559570613824
58,t2201,6.488153500207676
59,t1887,6.3113953962008145
60,t1884,6.3670282569452725
61,t1885,6.331086151601962
62,t1409,6.617376422882063
63,t1406,6.339411923658403
64,t1407,6.013846565728972
65,t1404,6.504069053605129
66,t1405,6.057124014501199
67,t1402,6.307062630099789
68,t1403,6.163678058320626
69,t1400,6.60717630462515
70,t1401,6.711758515200042
71,t1330,5.982028308025918
72,t2996,6.902782314296851
73,t2990,6.793615463912737
74,t2993,6.8099949704861285
75,t2125,6.3466305000677625
76,t3004,6.688786975199456
77,t965,6.499519729380815
78,t3005,6.878205795079059
79,t1082,6.5149118076593915
80,t1083,5.715573870127801
81,t1080,5.907060883867928
82,t1081,6.520388083686798
83,t1086,6.210733279167943
84,t1087,6.2002553236427795
85,t983,6.388239745814418
86,t962,5.888528534811373
87,t981,6.195536102321416
88,t980,5.9061713656404935
89,t1310,6.118426053711078
90,t982,5.986142566636927
91,t985,6.045174959454361
92,t961,5.890298979399033
93,t987,6.009510833237254
94,t1315,6.095828180268069
95,t989,5.95213583425536
96,t988,5.612436988924097
97,t1318,6.250128308176468
98,t1319,5.888913591065045
99,t1046,5.841240802312386
100,t3559,6.962562885773052
101,t1045,6.716578120076371
102,t1532,6.041597507990513
103,t1533,6.31029358936664
104,t1530,6.095918803572621
105,t1536,6.7763828577765
106,t1537,6.198979199312647
107,t1534,6.975588231816131
108,t1535,6.27456016554502
109,t1692,6.6324085017707635
110,t1164,6.2847753132191375
111,t1626,6.432482687811894
112,t1625,6.73196325869753
113,t1695,6.224437171502515
114,t1621,6.375285958262649
115,t1628,6.921281591744228
116,t1629,6.584912005699777
117,t3096,6.8478972937927605
118,t193,4.255503456627942
119,t189,4.720590371108246
120,t188,5.840624754330261
121,t181,5.55097858967533
122,t180,4.85854464259957
123,t183,6.354374470717191
124,t182,4.02229685153679
125,t185,5.090551380803131
126,t184,3.986289818990641
127,t187,4.727274217896143
128,t186,3.9002117744055655
129,t349,5.062933576146898
130,t348,4.754632624745154
131,t347,5.542203822629871
132,t346,6.97212436275782
133,t345,4.512856153272647
134,t344,5.30778045319651
135,t343,6.496999122173875
136,t342,5.876734281068153
137,t341,4.510985861557855
138,t340,6.479535667806028
139,t1958,6.364822350970939
140,t2680,6.9485943797495535
141,t1950,6.869809540807489
142,t3362,6.810710402395829
143,t2688,6.707209553687215
144,t1952,6.636907919764791
145,t72,2.9059200657823703
146,t70,2.851076673087682
147,t71,3.055586211392501
148,t76,3.4914966095931446
149,t77,4.830930419226291
150,t74,3.5515152284874927
151,t75,2.885015771415449
152,t78,3.317263332806128
153,t79,3.8446686879762844
154,t2564,6.524021079074451
155,t760,6.296648643316445
156,t763,6.572817690397419
157,t762,6.003062821613434
158,t765,5.436853668930864
159,t767,5.501222802411163
160,t766,6.406643043391921
161,t769,5.524388581724532
162,t167,4.386123361784309
163,t166,6.546853700224978
164,t165,4.3372581579610126
165,t164,4.7617736838038836
166,t163,3.7299962790516075
167,t162,4.441512785604884
168,t161,4.102140907298514
169,t160,3.7529889746673772
170,t3566,6.894764963485432
171,t169,3.9537897893684284
172,t168,6.0063773915167875
173,t2271,6.880418459093186
174,t3764,6.96873583871043
175,t3815,6.935085581402875
176,t2274,6.656016455273195
177,t2275,6.804372058114286
178,t2691,6.8954674355181
179,t2697,6.689220531758364
180,t2361,6.615880473524181
181,t2368,6.443367736347867
182,t3105,6.876293825912027
183,t3104,6.879571736183636
184,t570,5.889683198025134
185,t571,5.733795871189425
186,t572,5.068220913543203
187,t573,5.388998399246926
188,t574,5.10613436440797
189,t575,6.281522898836251
190,t576,5.152449537155546
191,t577,5.553959587306129
192,t578,6.135035630462545
193,t579,5.280942221153702
194,t2188,6.711925057568268
195,t2187,6.639552096351779
196,t2180,6.593497806493773
197,t2969,6.743682852692128
198,t2749,6.87096110890165
199,t2218,6.780392077326744
200,t3612,6.945786673759139
201,t2747,6.925075453981516
202,t2964,6.903915672445572
203,t2213,6.413894099543637
204,t2967,6.676671979027218
205,t888,6.589802329634047
206,t889,6.783126968834652
207,t1439,6.274980470233584
208,t1438,6.832243409040767
209,t880,5.4891713075788395
210,t1432,6.0101568463608634
211,t882,5.628162600562591
212,t883,6.503509319104146
213,t1437,6.0191830412617415
214,t1436,6.301358298435198
215,t886,6.002067377289891
216,t1434,6.486304353383356
217,t2987,6.804052106048782
218,t2982,6.84595337287048
219,t2981,6.911368790029018
220,t1569,6.776660957108754
221,t408,4.662728008154831
222,t409,5.356401173044485
223,t404,5.079070934554923
224,t405,6.586931652523628
225,t407,4.829222276260745
226,t400,4.885017240991336
227,t401,5.125976576565019
228,t402,6.08002507244645
229,t403,4.9004644235828
230,t1987,6.304387143330417
231,t979,5.801436357276387
232,t1328,6.444648761819214
233,t1327,6.431961370956547
234,t1326,6.084715952212297
235,t976,6.5273804178251575
236,t1324,5.885469636634372
237,t1323,5.934032660182526
238,t971,6.484245531985752
239,t972,6.257625833262951
240,t973,6.733248872420605
241,t1507,6.237087821296587
242,t1506,6.031724800502518
243,t1505,6.087168459989333
244,t1056,6.150427579408132
245,t1050,6.90415423226816
246,t1053,5.827044765959513
247,t1052,6.473947664770271
248,t1509,6.425926664524043
249,t1508,6.8028568892882335
250,t1189,5.8313994904426245
251,t1188,5.936064045513475
252,t2162,6.756360163545375
253,t1182,6.009493065106152
254,t1187,6.155238166386045
255,t1186,6.921008979676774
256,t1185,5.85506073038347
257,t1184,6.469956053442367
258,t1612,6.5003755224941235
259,t1610,6.0662655679429776
260,t1617,6.153982830300142
261,t1616,6.483552702451691
262,t1615,6.227682404806998
263,t1614,6.335186294941995
264,t1619,6.3775863611009544
265,t1929,6.757839004851104
266,t2349,6.9337013597839166
267,t1879,6.920366239502441
268,t916,5.884735429681383
269,t914,5.988323645734861
270,t3127,6.839702606332099
271,t667,6.1850121046498465
272,t660,6.8870684864702705
273,t913,6.291547524796176
274,t378,4.635170445393491
275,t379,5.004350528717315
276,t1923,6.676372221636226
277,t372,5.05824620421544
278,t373,5.778388202396955
279,t370,4.645689570265647
280,t371,6.036871161302131
281,t376,5.4004635042357405
282,t377,6.703787694559239
283,t374,4.748555815610437
284,t375,5.045199631216369
285,t2750,6.599435539184034
286,t2205,6.950131794852879
287,t2204,6.413048421333513
288,t3378,6.815808358766989
289,t2207,6.582639181618221
290,t1881,6.64192624233225
291,t1886,6.528819706408169
292,t3339,6.892213108097696
293,t2200,6.514233823515999
294,t2203,6.525225610480531
295,t2202,6.783754327206552
296,t2511,6.503313156027254
297,t2510,6.507258479349603
298,t2515,6.556722530179761
299,t799,6.0356400156534376
300,t2517,6.541096236287165
301,t794,5.427156067923586
302,t795,5.37273026376083
303,t796,6.466843787340468
304,t797,6.637474873258668
305,t791,6.54711548211006
306,t792,6.513328364167503
307,t152,4.294056244882631
308,t153,5.581714403032312
309,t150,4.043395670054134
310,t151,4.09032833775517
311,t156,5.85468464959964
312,t157,3.8838307462176678
313,t154,5.033751829847477
314,t155,4.414702516214368
315,t158,5.633162474125892
316,t159,3.9708116005150256
317,t2633,6.738962594455535
318,t2428,6.834277538158945
319,t2424,6.860524400482915
320,t2427,6.67739515643386
321,t2426,6.763392589764611
322,t2352,6.5901067782601555
323,t2423,6.525025310372223
324,t2422,6.789738761028463
325,t2541,6.942877430813736
326,t3115,6.91206033744379
327,t563,5.06868668900813
328,t562,5.075131073402781
329,t561,5.118573500614863
330,t560,5.457018428681233
331,t567,5.051083125460847
332,t566,6.822572710837359
333,t565,5.493092099188426
334,t564,5.373430709626815
335,t569,5.954273605443499
336,t2739,6.6424398780691245
337,t2229,6.911178379282587
338,t2228,6.520983128204176
339,t2731,6.70262723429022
340,t2222,6.922460599172513
341,t2221,6.7708206900088195
342,t2226,6.424475968099721
343,t2224,6.568000613453795
344,t899,5.498968405331221
345,t898,5.496546930031523
346,t893,6.505880650138967
347,t892,5.58373581644239
348,t891,6.2590145617954
349,t890,5.583410935493385
350,t897,6.370980999272319
351,t896,6.079562090015548
352,t894,5.655649375667251
353,t419,4.663919054619765
354,t418,4.6634677063875944
355,t417,5.4758655208840095
356,t416,5.750296523124969
357,t415,5.228364450506414
358,t413,4.791637632789824
359,t412,4.685065012325887
360,t411,6.500524307497928
361,t410,5.22950352607565
362,t1338,5.9655430187574945
363,t1339,6.380542278592305
364,t1998,6.303869115133669
365,t1999,6.553905958405518
366,t968,5.872109010379902
367,t967,6.397436377254688
368,t1331,6.857790448075344
369,t1996,6.438463442329811
370,t964,6.493404788952263
371,t1334,6.4058668789857265
372,t1991,6.4482844442899205
373,t1992,6.3156440086076335
374,t960,6.294945679087953
375,t1510,6.181216502110474
376,t1047,6.347658372915701
377,t1512,6.892312139704421
378,t1513,6.065974400680089
379,t1514,6.548762868967959
380,t1043,5.68959491906391
381,t1516,6.681635248484516
382,t1519,6.1879882959421595
383,t1049,6.149355148028994
384,t1196,6.669832409188177
385,t1191,5.892773582654156
386,t1192,6.330202177809646
387,t1193,5.9513745471431765
388,t1198,5.943166007154585
389,t1199,6.203504183938057
390,t1424,6.689295236378842
391,t1311,6.157705201887229
392,t1421,6.129842032824306
393,t1422,6.593807326887376
394,t1316,6.4304467901022635
395,t984,6.818109290434722
396,t1314,6.739866688643038
397,t3535,6.9616661156422515
398,t1608,6.520333045833721
399,t1609,6.086985510786996
400,t1607,6.834788746743009
401,t1601,6.542880353534015
402,t1602,6.124848993938805
403,t1603,6.772842262666309
404,t3532,6.963241266115593
405,t2007,6.726508171611018
406,t751,6.6600696687594345
407,t2557,6.664493782526401
408,t2556,6.809877729196799
409,t1934,6.944811467265209
410,t3539,6.951821137511331
411,t2001,6.384130564143068
412,t757,6.104490047572714
413,t365,5.914851590228819
414,t364,5.17246477062848
415,t367,5.33036646740708
416,t366,4.827353423735888
417,t361,5.448809074838061
418,t360,4.624304926718372
419,t363,4.690602595073586
420,t362,4.5401113748611115
421,t369,4.691072020739127
422,t368,4.945672624250244
423,t1539,6.973181837480952
424,t1930,6.975338445257734
425,t3349,6.85736260327202
426,t3347,6.9514836754230895
427,t14,2.26637773088867
428,t15,3.1445876488331783
429,t16,2.2614693724480803
430,t17,1.844135702005596
431,t10,1.7521350126413318
432,t11,1.3438330847814877
433,t12,2.612968364501779
434,t13,2.5178423015066307
435,t61,2.7831700441813956
436,t18,2.9091444680910494
437,t19,3.4071693725476537
438,t2502,6.6736042101854105
439,t2507,6.695638088945801
440,t788,6.052820446024317
441,t787,6.245648416708484
442,t3019,6.852941282188826
443,t785,6.400904277488764
444,t784,6.271934397860936
445,t783,6.201918201247186
446,t782,5.81955231714063
447,t781,6.7988120644892005
448,t780,5.472128252086084
449,t1972,6.298221741407916
450,t149,3.8138154658337347
451,t148,5.803959651673444
452,t1973,6.472406671986108
453,t145,3.631217767197439
454,t144,3.6793857452957583
455,t147,3.595731723045048
456,t146,4.055200444101335
457,t141,5.0893028146752854
458,t140,5.395587241675706
459,t143,3.846108621946495
460,t142,3.588660237392833
461,t3299,6.932555915178786
462,t1971,6.361825530839156
463,t3290,6.904366229912542
464,t3741,6.930597082691424
465,t3292,6.866297207290892
466,t1974,6.760832064470757
467,t3548,6.90181204449918
468,t2348,6.648736655539137
469,t1037,6.2669563594486055
470,t3124,6.929635936295361
471,t3123,6.7971114738750975
472,t3121,6.960655493455153
473,t1036,5.914290768852979
474,t2436,6.701242397783816
475,t584,6.138930941694518
476,t2435,6.949928194858
477,t2344,6.854382685833489
478,t1035,5.93472063859807
479,t3129,6.938393196400214
480,t1032,6.0426643884048765
481,t1031,5.843116665013603
482,t2253,6.448474331145554
483,t2250,6.837029176683989
484,t558,5.779700898354279
485,t559,6.2692376165614965
486,t556,5.149502291369708
487,t557,5.365849116731163
488,t554,5.272791383088711
489,t555,6.001105372306454
490,t552,5.63440041028539
491,t553,5.129165734534108
492,t550,6.178768241260481
493,t551,5.319893801278298
494,t2236,6.959131362656993
495,t1859,6.249604669514247
496,t2706,6.7049283862130595
497,t2233,6.9596546617689174
498,t1855,6.875722891212958
499,t2178,6.96128402058875
500,t1857,6.3358060896164545
501,t1856,6.951152537680955
502,t2239,6.529985379996065
503,t1852,6.214569397136821
504,t2728,6.623909487052952
505,t2709,6.760348661357972
506,t2726,6.669023579402303
507,t1295,6.491467608426132
508,t1294,6.36640313733362
509,t1292,5.876088217362762
510,t1291,6.862760332359658
511,t1290,6.110302430422414
512,t3263,6.969059561645526
513,t1298,6.380918451105666
514,t428,5.056627597325511
515,t429,6.371377235317303
516,t422,5.164995721345613
517,t423,6.838666515782105
518,t421,5.284912174135331
519,t427,4.825909966668073
520,t424,5.372981251466553
521,t425,4.89831982874178
522,t2656,6.602024669701361
523,t958,6.24821643349121
524,t959,6.550932529622183
525,t952,6.182727409954786
526,t950,6.434367224007617
527,t951,6.571852982031343
528,t956,6.224259682058809
529,t957,6.279831233094635
530,t955,6.478624139246039
531,t1072,6.164670063399559
532,t1071,5.909477026813376
533,t1070,6.207373102609184
534,t1077,5.73690399443113
535,t1076,6.383284154010441
536,t1075,6.441798936501284
537,t1074,6.8627975513166435
538,t1079,6.0950493490105915
539,t1078,5.757076005455472
540,t2099,6.634892435163143
541,t582,5.660613969189032
542,t1451,6.543403709411404
543,t1453,6.8153476472645975
544,t1454,6.4812152850459
545,t1456,6.429887576326976
546,t1459,6.253615591159868
547,t1458,6.690029682113238
548,t1672,6.20485574759301
549,t1675,6.73189772259183
550,t1674,6.960642709653556
551,t1925,6.842321913350729
552,t1705,6.968500579622338
553,t1704,6.600582657148765
554,t1700,6.472880465312314
555,t1702,6.287914540887457
556,t1709,6.615093174499988
557,t1927,6.381701734517695
558,t310,5.749265654725766
559,t311,4.512680587706922
560,t312,4.518077659056034
561,t313,4.614645103640411
562,t314,4.350682345302691
563,t315,4.421770261681219
564,t316,4.41899416194826
565,t317,4.547933777849874
566,t318,5.877131340406594
567,t2176,6.499589074628628
568,t932,6.598212966473054
569,t933,5.5569248198756975
570,t228,5.052407461993565
571,t229,4.523651647214507
572,t224,4.25585868969701
573,t225,4.524275181490223
574,t226,4.7541182888266835
575,t227,4.505872941630973
576,t220,4.539934730505193
577,t221,4.9198114953949235
578,t222,4.370895768489749
579,t223,5.192014494525984
580,t680,6.0417023090284685
581,t29,2.210445481240733
582,t28,2.796267566779536
583,t526,6.121955653258763
584,t21,5.951529616501157
585,t20,2.2864890019988695
586,t23,4.033657921316375
587,t22,2.3928575492657633
588,t25,2.766953490848434
589,t24,6.277277767464967
590,t27,2.377354845371772
591,t26,2.7767537417310373
592,t524,6.901239423354701
593,t2505,6.630552090906284
594,t521,5.130033907701691
595,t1858,6.787402332824997
596,t2537,6.6651573349528705
597,t2535,6.50852671960503
598,t2534,6.6762348033481755
599,t2533,6.800932374250395
600,t2531,6.549557508708574
601,t2530,6.707571904327031
602,t138,3.637490993947756
603,t139,3.7562013532918828
604,t2509,6.748525239329132
605,t130,3.7229639652807878
606,t131,4.201885784036633
607,t132,3.9130257308907397
608,t133,4.20020343281282
609,t134,3.5950826187823477
610,t135,3.529416762180712
611,t136,3.910677365702434
612,t137,3.9674629757709123
613,t3289,6.829542082067181
614,t3281,6.8054185510029015
615,t3286,6.780727892971675
616,t3285,6.910642224563112
617,t2959,6.905491125258332
618,t3132,6.7590757061986135
619,t2408,6.463247342034776
620,t3138,6.771468756623827
621,t2401,6.560249933861346
622,t2406,6.625840140297521
623,t2405,6.504476233466992
624,t2895,6.921510561326792
625,t2392,6.619536751404729
626,t2396,6.740074568159822
627,t2395,6.947787769411876
628,t549,6.26331917985567
629,t548,6.12269642301427
630,t541,5.495716407853344
631,t543,5.150390431906656
632,t545,5.571175691871839
633,t544,4.923175613929437
634,t547,6.151137965423901
635,t546,5.560282515375157
636,t2717,6.950642404814357
637,t2240,6.400417475694821
638,t2715,6.64278709871552
639,t2244,6.888480081584439
640,t2247,6.9252770939152475
641,t2246,6.4503092713365024
642,t1847,6.244032394970994
643,t1844,6.279164202086829
644,t1845,6.366480482127202
645,t1843,6.255844712571594
646,t2719,6.82999213434643
647,t1841,6.401771909965319
648,t2086,6.537738274360023
649,t2084,6.899403233976613
650,t2082,6.813304417175089
651,t1280,6.649365539420376
652,t1282,5.969086986332457
653,t1283,6.803061203862684
654,t1285,6.228709087314053
655,t1287,6.217592007740368
656,t1289,6.84027608139002
657,t435,5.072453899033032
658,t434,4.693814580836953
659,t437,4.932056826942096
660,t436,4.890487141320302
661,t431,5.9837237877337
662,t430,5.132823352092514
663,t433,4.687884024121594
664,t432,5.135621462237183
665,t439,6.338252543088782
666,t438,6.944111018898482
667,t945,6.392659156670931
668,t944,6.768745121220573
669,t947,6.415285342188325
670,t941,6.076922306862113
671,t940,6.221422883060333
672,t943,5.805542605053179
673,t942,5.983741036623576
674,t949,6.531803102235818
675,t948,6.049638376782886
676,t2663,6.566251402655943
677,t2662,6.597599420664189
678,t2661,6.6335762233404605
679,t2888,6.91348594522584
680,t2886,6.944279481598519
681,t2884,6.777130034095602
682,t1068,5.6940322610818574
683,t1069,6.036538240090465
684,t1067,5.940509542154626
685,t1060,6.78663239019719
686,t1061,6.052125129794913
687,t1063,6.315202552084039
688,t1380,6.968048357679869
689,t2869,6.903327711432804
690,t2868,6.887577754299289
691,t1443,6.2145209927852925
692,t1440,6.268167937423472
693,t1441,6.847564535130036
694,t1446,6.076711301795043
695,t1447,6.669830731189102
696,t1444,6.350922113049162
697,t1445,6.642544456777313
698,t1449,6.311823170390848
699,t1668,6.527165445651592
700,t1666,6.154445558601531
701,t1665,6.292484973819863
702,t1714,6.451583237321702
703,t1715,6.14054999851616
704,t1712,6.88415476761153
705,t1713,6.59141826602173
706,t1710,6.2475647083765296
707,t1711,6.30930892455316
708,t1718,6.155758623296137
709,t1719,6.556480482398811
710,t848,6.623189911745198
711,t303,5.32285806175901
712,t302,5.327178402770268
713,t301,5.404839477314719
714,t307,4.419382767366428
715,t306,5.18028611114028
716,t305,5.292755338528501
717,t304,4.830135059245334
718,t309,5.777939857266245
719,t308,5.790314702511203
720,t1477,6.049417670513441
721,t731,5.7284911514577805
722,t2025,6.644973228049856
723,t846,5.646982388682243
724,t737,5.836011680862809
725,t2142,6.701826569252003
726,t3120,6.771397496921974
727,t843,5.7250356535733795
728,t1125,6.8966332581538445
729,t1127,6.719740707360647
730,t1654,6.137709245042056
731,t239,5.458090002115435
732,t238,6.03245537754324
733,t237,4.304652138709918
734,t236,4.6521603986866555
735,t235,4.654630393877897
736,t234,6.7364620822571855
737,t233,5.675820417005776
738,t232,6.617692619648503
739,t231,5.509475927127287
740,t230,4.575224572563534
741,t38,2.292346396134448
742,t39,3.81170127661792
743,t36,3.5659445605104088
744,t37,2.326725784199625
745,t34,2.2680169201796194
746,t35,2.5975866749776433
747,t32,3.2523859498719223
748,t33,2.5595404577333167
749,t30,2.3487531381080005
750,t31,5.4965652061655375
751,t2528,6.529379251018636
752,t2522,6.832374309393343
753,t2523,6.6227096512816725
754,t2524,6.760180713000977
755,t2146,6.863085935939923
756,t2527,6.815010899943136
757,t129,3.764595174526927
758,t128,3.7077253373970023
759,t2629,6.6550287213421315
760,t123,3.5176181097389265
761,t122,3.902914060597121
762,t121,3.554189607207434
763,t120,4.499348855043324
764,t127,3.5649959346409967
765,t126,3.574693156000622
766,t125,5.153934729725251
767,t124,4.0595773287731145
768,t2415,6.480690519695096
769,t2417,6.82726139679137
770,t2412,6.953387095751707
771,t2413,6.540597755097519
772,t3439,6.9606224564318735
773,t2388,6.607118268854953
774,t2387,6.973681698645304
775,t2380,6.5034359389422844
776,t2252,6.788678408724139
777,t1914,6.292869935414409
778,t2702,6.766768959742299
779,t2703,6.776334150478967
780,t2704,6.666591979391059
781,t2257,6.534425693105379
782,t2254,6.474844230938707
783,t1872,6.62641236080396
784,t2258,6.516407310462498
785,t2259,6.9653912714415025
786,t1916,6.887067208758886
787,t1875,6.906867064694753
788,t2090,6.638960250559523
789,t2091,6.409587524413392
790,t2093,6.623879983292055
791,t2094,6.681253213055746
792,t2095,6.7782506855685325
793,t3651,6.937128938675356
794,t651,5.312315088113214
795,t1911,6.882676088169451
796,t1279,5.868806567154503
797,t1278,6.934354701333577
798,t1275,6.503167807504108
799,t1274,6.306870837926826
800,t1277,6.969977818705395
801,t1276,6.334202913924462
802,t1273,5.925589951757629
803,t1272,6.791146475296892
804,t440,5.782276319071257
805,t441,4.9451189508019
806,t442,4.82469073974211
807,t443,6.032409485343999
808,t444,6.444093320676556
809,t445,5.988181064920645
810,t446,5.466452635861072
811,t447,4.726932417087129
812,t449,4.920635188056685
813,t1468,6.872363554032432
814,t930,6.4555987753640665
815,t687,5.747213577307
816,t684,6.226015872390271
817,t685,5.659913046498987
818,t682,5.866656983382679
819,t683,5.857094434454208
820,t936,6.393321894037249
821,t937,6.196426414891853
822,t938,5.856373258654168
823,t939,6.030989705938019
824,t688,5.229425911623994
825,t689,5.34839510161618
826,t2899,6.695697870954735
827,t2679,6.639052448070784
828,t2677,6.709484124482192
829,t2894,6.778024334939925
830,t2671,6.708881739654081
831,t2897,6.8131776727256455
832,t1019,6.0224227359000535
833,t1011,6.052214139698195
834,t1010,6.241679111210139
835,t1013,6.284055186528451
836,t1012,5.721649346290696
837,t1015,5.7577381452012615
838,t1014,5.819245405366627
839,t1017,6.1424182062401975
840,t1016,5.711044824764028
841,t1389,6.752568345514738
842,t1388,6.187773305343672
843,t1381,6.00310763544052
844,t2230,6.939138044387031
845,t1382,6.377037063053538
846,t1385,6.509740568585196
847,t1387,6.032647311457494
848,t1386,6.475946716599304
849,t592,6.0618005976574185
850,t593,5.9656555316662745
851,t590,6.2086509721869705
852,t591,5.094366672926214
853,t596,5.901786727893911
854,t597,6.955084534142117
855,t594,6.13166800411942
856,t595,5.888989320571471
857,t844,6.192583510283796
858,t845,5.753138373344459
859,t598,5.472745574492574
860,t1474,6.112571780182676
861,t840,6.273141414157707
862,t1472,6.251123024888629
863,t1470,6.084064004809697
864,t1657,6.399526467507817
865,t1656,6.452391947758456
866,t1655,6.161816565755436
867,t1126,6.117598720549598
868,t1121,6.366556032977586
869,t1120,6.296309253535058
870,t1651,6.8544935047970865
871,t1129,5.8621684617353855
872,t1128,5.732796041282979
873,t1659,6.582731870287828
874,t1850,6.452653607281742
875,t1494,6.277150177495703
876,t1497,6.217250053632253
877,t1496,6.0342251222509455
878,t1491,6.011292432295386
879,t1490,6.497692350214501
880,t1492,6.5160336590703976
881,t1499,6.753201800806249
882,t3082,6.920851599390661
883,t2338,6.700103763160918
884,t3634,6.918320258366714
885,t1723,6.893463942164406
886,t1722,6.8351393551002495
887,t1727,6.495928308013577
888,t1726,6.894909767590731
889,t1728,6.411785884183892
890,t2489,6.938248379620614
891,t338,4.643286146392076
892,t339,4.8180839401022615
893,t336,4.494850955750541
894,t337,4.4961520167414655
895,t334,4.837654788747867
896,t335,4.413486810379888
897,t332,4.913267123327266
898,t333,4.470520671777348
899,t330,6.743273703396144
900,t331,4.607098038401043
901,t2973,6.732160600054454
902,t2800,6.663821375820927
903,t208,6.082799783942451
904,t209,4.464642906482626
905,t202,4.061773026855533
906,t203,4.889975795890733
907,t200,4.831229554386967
908,t201,3.993882484995466
909,t206,6.218910853133306
910,t207,4.861496122829329
911,t204,4.152747114700441
912,t205,4.129651345781883
913,t1463,6.057448187177741
914,t116,3.910051404056331
915,t117,5.242039377650128
916,t114,5.821883278832716
917,t115,4.395084380153501
918,t112,6.50354277199234
919,t113,3.4179657242120056
920,t110,4.055729688098364
921,t111,5.909569159692326
922,t118,3.900001028690386
923,t119,4.910695638095355
924,t3736,6.961785060185321
925,t1918,6.516216661897123
926,t1259,6.165639956346927
927,t2465,6.8336023577032305
928,t2467,6.698012543596755
929,t2466,6.679076795740714
930,t2468,6.78586501174075
931,t2565,6.71077411912089
932,t2560,6.582348825993703
933,t3423,6.975361386672656
934,t2563,6.85490081451863
935,t1865,6.215119672495763
936,t1860,6.458330780929134
937,t1861,6.808137154645894
938,t1862,6.777520342027689
939,t1868,6.694405795546053
940,t1869,6.782395148487237
941,t2444,6.6194448147081735
942,t2269,6.651879531485189
943,t2158,6.4055263432720215
944,t2260,6.795760117957404
945,t2655,6.906441967665359
946,t2069,6.541154729938716
947,t2068,6.359681344806652
948,t629,6.893962206086525
949,t2064,6.789127539991742
950,t2067,6.513398901050723
951,t2066,6.7233867996804
952,t2063,6.564091473811488
953,t2287,6.751701224987263
954,t2281,6.4568262747298935
955,t2280,6.904032653833658
956,t1268,6.928355140599078
957,t2282,6.89117393579363
958,t1266,6.057662008050843
959,t1267,6.9457118065984
960,t1262,6.009894405163623
961,t1263,6.797602347392959
962,t1261,5.95915942917701
963,t453,6.075812052933031
964,t452,4.92876597983716
965,t450,5.215274737443077
966,t457,4.720491174039546
967,t456,5.650083598695686
968,t455,4.715855089906033
969,t454,6.253235429863568
970,t459,5.045595024868535
971,t458,5.4488000356843855
972,t923,5.978129367331722
973,t690,5.678199395270445
974,t921,5.787006366667041
975,t920,5.591889184788495
976,t927,5.713699723978357
977,t926,6.186297871912569
978,t697,6.035623962551467
979,t696,5.227688909167561
980,t698,5.5541160149064455
981,t929,5.828678981025198
982,t2609,6.63641138197101
983,t2608,6.636373012374799
984,t1332,5.98516944575225
985,t2607,6.758996866199141
986,t2606,6.788908794331463
987,t1008,6.896241625411683
988,t1002,6.029440635702525
989,t1003,5.769108607020507
990,t1000,6.5033352278310135
991,t1001,5.84292202679689
992,t1006,5.776995287722302
993,t1004,6.592148699746447
994,t1005,6.737523302044773
995,t2843,6.800623038574349
996,t1398,6.101769647500473
997,t2840,6.687947680367409
998,t2847,6.725783248662001
999,t2845,6.922147373141897
1000,t1392,6.5056693827849115
1001,t1393,6.782166192436965
1002,t1390,5.931217403581623
1003,t2848,6.873140002027121
1004,t1396,6.0419301191926325
1005,t1397,6.774353507019129
1006,t1394,6.446181480921438
1007,t2115,6.845728013657275
1008,t1469,6.903597005664429
1009,t2116,6.360841618855136
1010,t589,6.851195222123398
1011,t588,5.634354713871546
1012,t859,5.625916577723954
1013,t858,5.63154101419938
1014,t857,5.7027213861547965
1015,t1461,6.257385122853683
1016,t855,6.160860878652676
1017,t586,6.10787735388608
1018,t1464,6.263838334630041
1019,t852,5.587249870821153
1020,t851,5.576132133806074
1021,t850,6.297068624728686
1022,t1136,6.22060944358109
1023,t1134,6.437790741687378
1024,t1135,6.616801392622741
1025,t1133,6.885469589105284
1026,t1130,6.089105782081887
1027,t1648,6.1012063594719335
1028,t1138,6.717033414739876
1029,t1139,5.7454427117211715
1030,t1486,6.398845430506367
1031,t1487,6.938852723914792
1032,t1484,6.4730391300152545
1033,t1482,6.575907867881544
1034,t1483,6.817722297733854
1035,t1336,6.821618470984004
1036,t3550,6.93710520364981
1037,t1736,6.295681657936584
1038,t1737,6.178810123256056
1039,t1730,6.6400314157161455
1040,t1733,6.911184467388392
1041,t1479,6.229995345889804
1042,t329,5.5860203824043575
1043,t328,4.814698979935184
1044,t321,5.232829364515323
1045,t322,5.424709707476743
1046,t325,4.429861347152212
1047,t324,4.761781310964881
1048,t327,5.759936540322596
1049,t326,5.651131962546254
1050,t1478,6.558727101290135
1051,t215,4.646625581399903
1052,t214,5.657894186874996
1053,t217,4.109419758860218
1054,t216,4.852783939578899
1055,t211,5.334471097211081
1056,t210,4.423583565706643
1057,t213,6.623741510836992
1058,t212,4.135606499627669
1059,t3293,6.9725323124553205
1060,t219,5.516030958994364
1061,t218,5.654925033553717
1062,t1475,6.125022217104001
1063,t101,3.6028692931499724
1064,t100,3.396362385718834
1065,t103,3.33269140942838
1066,t102,4.382970321593041
1067,t105,4.299881398419558
1068,t104,3.872111389625828
1069,t107,3.7672432123065653
1070,t106,5.311135377428181
1071,t109,3.4374344626613507
1072,t108,3.657007816348028
1073,t3095,6.801735594075227
1074,t3094,6.763050030281374
1075,t3258,6.881058347864835
1076,t3255,6.863654399822446
1077,t3253,6.794261179058057
1078,t3895,6.973717667794211
1079,t2472,6.5469045441451375
1080,t2477,6.869444572261577
1081,t2474,6.68176278239599
1082,t2478,6.594024396932076
1083,t3234,6.911646314977272
1084,t2010,6.782935762182505
1085,t3418,6.85726145622263
1086,t1642,6.13438813651092
1087,t2011,6.890276434085735
1088,t1811,6.27754733283157
1089,t1810,6.721228581531376
1090,t1813,6.516695139508751
1091,t1812,6.7936896183943
1092,t1815,6.261288059135664
1093,t1817,6.384615351516395
1094,t1816,6.3374350004447955
1095,t1819,6.604786438093909
1096,t1818,6.272672617698495
1097,t8,4.129898255156245
1098,t9,1.1478640986473747
1099,t6,1.1895644074642187
1100,t7,2.283736566031667
1101,t4,1.5009376586642376
1102,t5,3.2142157807692606
1103,t2,2.4843004952204155
1104,t3,0.8033828885928745
1105,t0,1.2462978536129414
1106,t1,1.2737265351094706
1107,t2078,6.855412532767682
1108,t2076,6.813961684288238
1109,t2297,6.739375740561371
1110,t2294,6.504096681092074
1111,t1258,6.129198525949855
1112,t2292,6.639011366728141
1113,t2293,6.819311549406317
1114,t1253,5.9041075957631355
1115,t1252,6.161192496958095
1116,t1250,6.372788357687693
1117,t1257,6.10446876399878
1118,t1255,6.478409665723017
1119,t1254,6.101764499762658
1120,t469,4.964661166330397
1121,t466,5.6589663071648335
1122,t467,5.2351727229391445
1123,t464,5.397250080948064
1124,t465,6.128428565159846
1125,t463,4.935810508093511
1126,t460,5.337264654299428
1127,t461,5.929498246938448
1128,t668,5.5919165579375125
1129,t1928,6.28021484187253
1130,t919,5.640911078936988
1131,t664,5.68830566870869
1132,t665,6.511556399639296
1133,t666,5.3265393822054685
1134,t915,5.863439578841455
1135,t912,6.7898416085371815
1136,t661,6.238866036151883
1137,t662,6.270138378728994
1138,t911,5.997619114900969
1139,t2618,6.6430755280862925
1140,t2617,6.975966956719199
1141,t2854,6.667421656391423
1142,t2016,6.836007137023902
1143,t2857,6.864479021249536
1144,t2106,6.659103099433204
1145,t868,5.931425187618886
1146,t2100,6.71563777097267
1147,t2101,6.5549121212119825
1148,t862,6.100670949057777
1149,t863,5.890714683250794
1150,t866,5.822734459095868
1151,t867,6.521008936669678
1152,t865,6.275036041417981
1153,t1103,6.563246697838698
1154,t1102,6.24350263988451
1155,t1100,6.0471402298222126
1156,t1104,5.748878540878361
1157,t1109,6.379052741410093
1158,t484,4.995628607621413
1159,t485,5.6411458187183
1160,t486,4.927781263846393
1161,t480,5.657272752711301
1162,t481,5.112436033534084
1163,t482,5.321725187299496
1164,t1030,5.68815110375217
1165,t488,5.450060945106322
1166,t1039,6.7525065568501965
1167,t1038,5.786601274547402
1168,t2552,6.8092957697796574
1169,t1743,6.789534965612172
1170,t1742,6.6884699302009665
1171,t1745,6.157494843457675
1172,t1744,6.335746160184566
1173,t1747,6.683972464513159
1174,t1746,6.560411859263706
1175,t2621,6.733498784452477
1176,t901,5.867853619512995
1177,t676,5.354993307211269
1178,t903,5.70817015486652
1179,t1935,6.689276403771231
1180,t905,5.677298414995145
1181,t671,5.9695368567751395
1182,t670,5.226071780744065
1183,t658,6.968378831248713
1184,t260,4.556103167060746
1185,t261,5.805872894275523
1186,t262,4.3144746561801535
1187,t263,5.622271078583785
1188,t264,4.637362848500765
1189,t265,5.748263846779346
1190,t266,4.27474124016156
1191,t267,4.813789416315982
1192,t268,4.770498053724207
1193,t269,4.3052507026694045
1194,t2135,6.663169495686666
1195,t3089,6.857914594340733
1196,t89,3.7406706924769937
1197,t88,4.498391653423286
1198,t87,3.1184116911520348
1199,t85,3.1840931084509982
1200,t84,6.174296886669742
1201,t83,3.2184105687701035
1202,t82,3.6746850245940417
1203,t81,3.1972037032564615
1204,t80,3.5483114293945577
1205,t3249,6.885082377507292
1206,t1433,6.473172110346693
1207,t1430,6.643378061359486
1208,t3888,6.9772686894200815
1209,t884,6.193985238653635
1210,t1435,6.019415810865807
1211,t2446,6.585146105830414
1212,t887,5.671150937639298
1213,t2440,6.637129566542584
1214,t3405,6.835679896330082
1215,t3406,6.903560159847301
1216,t3409,6.8951663591049455
1217,t1801,6.345255571748424
1218,t1805,6.472247019165447
1219,t1808,6.211642767399984
1220,t1809,6.571141267752505
1221,t714,6.045619577986029
1222,t715,6.552161216730385
1223,t716,5.511846963247035
1224,t717,5.828381821285026
1225,t711,6.604113785430655
1226,t712,6.404299829147724
1227,t713,5.415257281024167
1228,t718,6.586279529600686
1229,t719,6.837052860941468
1230,t3067,6.854637176802126
1231,t2048,6.389255711696616
1232,t3062,6.751108921537787
1233,t2043,6.478038948175168
1234,t2593,6.683370381288494
1235,t2040,6.93813576974539
1236,t2047,6.331081821992582
1237,t2046,6.542224203761573
1238,t3068,6.957814257616995
1239,t2044,6.647290623753299
1240,t1317,6.962007988514115
1241,t2917,6.698180473482562
1242,t479,4.826285258532363
1243,t478,5.177859118034113
1244,t471,6.196401118542936
1245,t470,6.826809197554633
1246,t473,6.8403824360625585
1247,t472,6.926012164546556
1248,t475,5.081076513190681
1249,t474,5.322921654426499
1250,t477,6.067908270342212
1251,t476,5.020514522709493
1252,t909,5.7051012921244055
1253,t2625,6.737037076792111
1254,t2622,6.636074479216915
1255,t679,6.72141998727507
1256,t1939,6.527884819859499
1257,t1936,6.279572977786203
1258,t900,5.556697318399509
1259,t675,6.268864777487028
1260,t674,5.753966267514695
1261,t1932,6.311661844413126
1262,t672,5.414707831558287
1263,t907,5.79305328569439
1264,t906,5.906292636248047
1265,t1652,6.8035302055090865
1266,t2821,6.784077144236598
1267,t2825,6.629352136596222
1268,t2824,6.9149700825455485
1269,t875,6.01399372176572
1270,t874,5.855005666058436
1271,t877,6.073880512289076
1272,t876,5.574661156730182
1273,t871,5.7389722727263175
1274,t870,5.4716659306548365
1275,t873,5.805903828419437
1276,t879,6.473006754884159
1277,t878,6.611206322081048
1278,t2133,6.3489699785296825
1279,t1246,6.592297457581729
1280,t2130,6.353573468262944
1281,t1240,6.017764897668858
1282,t1241,6.445641265890221
1283,t1242,6.251218343849186
1284,t1243,6.040342512302467
1285,t2137,6.91751953781105
1286,t2139,6.697322704853354
1287,t1248,6.548642705506589
1288,t1249,6.62957823378015
1289,t1986,6.6366339515120485
1290,t1118,6.711864453662009
1291,t1119,5.929481436375543
1292,t1114,5.860257672917297
1293,t1115,5.768383002338054
1294,t1116,5.774615019789139
1295,t1984,6.95216342742816
1296,t1110,5.728095201904464
1297,t1112,6.647370814587232
1298,t975,6.584425514485722
1299,t977,6.275842221708454
1300,t970,6.614250217948953
1301,t497,4.919776679020741
1302,t496,5.073376951766064
1303,t1023,6.206279662151649
1304,t1024,5.635752947669195
1305,t492,4.853814482315274
1306,t1026,5.791056365111248
1307,t1027,6.238445697027751
1308,t1028,6.1866062504689
1309,t1029,5.9227735109005835
1310,t2544,6.905567597315208
1311,t499,5.56023166294952
1312,t1054,6.26148078553143
1313,t1504,6.504203921237571
1314,t745,5.514651622115993
1315,t1752,6.410022840568003
1316,t1750,6.416822492779437
1317,t1751,6.720706355774354
1318,t1756,6.164220784250501
1319,t1754,6.6095418863565625
1320,t1755,6.466319167722586
1321,t3427,6.970281760089345
1322,t273,6.123010523040436
1323,t272,5.867121383958055
1324,t271,5.1928145119995985
1325,t270,5.118871780781677
1326,t277,4.627272797222931
1327,t276,5.920590792013375
1328,t275,4.778478038662229
1329,t274,4.313731788216247
1330,t279,5.918367867501923
1331,t278,4.849415082490621
1332,t2492,6.968726657765975
1333,t98,3.475906789096526
1334,t99,4.415901665421324
1335,t94,3.6350251038708583
1336,t95,4.611185718114827
1337,t96,5.053436024340205
1338,t97,3.560483099749354
1339,t90,3.1456308931596153
1340,t91,3.1209089137405734
1341,t92,4.731735272515943
1342,t93,3.302304577301444
1343,t3279,6.810282427767404
1344,t3278,6.844261534355358
1345,t3276,6.799580029001688
1346,t3275,6.854556505611989
1347,t2458,6.860061043731157
1348,t1947,6.80930243560098
1349,t3186,6.783421058188686
1350,t2450,6.746976396443916
1351,t3188,6.76331437791311
1352,t2452,6.557411678233795
1353,t2453,6.839665319214456
1354,t1945,6.879541780582008
1355,t2457,6.543593741707413
1356,t3471,6.892817927251578
1357,t1020,6.899344344928323
1358,t1021,6.330257693647389
1359,t602,5.859918032872493
1360,t603,5.284262545874095
1361,t494,5.369254876563342
1362,t1025,6.405101322832355
1363,t491,6.598299659262182
1364,t1835,6.43252888050574
1365,t1834,6.454620714030753
1366,t1832,6.514327195829234
1367,t1831,6.523028148940273
1368,t707,5.733269206635507
1369,t706,5.757812443303158
1370,t705,5.359911692170813
1371,t704,5.3105318052072406
1372,t703,6.031370235439951
1373,t2051,6.417497221222311
1374,t701,5.534521777526495
1375,t2053,6.361259295225703
1376,t2268,6.757115663098505
1377,t709,5.798232320837398
1378,t708,5.7528026709100315
1379,t3053,6.850579230887264
1380,t3509,6.893159962581862
1381,t2758,6.75347853406639
1382,t3054,6.7263396559055
1383,t2582,6.858405289065202
1384,t2583,6.580699461124315
1385,t2580,6.753042260865259
1386,t2586,6.849651525414187
1387,t2584,6.653720216689604
1388,t2909,6.721823369215619
1389,t2904,6.771128340415282
1390,t2248,6.942451138780528
1391,t1908,6.4028285415155395
1392,t2635,6.635984981502078
1393,t642,6.706651643555311
1394,t643,6.149224131181547
1395,t640,5.272581941366057
1396,t641,5.579113025877451
1397,t646,5.192826450199693
1398,t647,5.8777673826941825
1399,t644,6.2137108050451
1400,t1904,6.261620653046167
1401,t1348,6.615960134095648
1402,t1344,6.381719755981196
1403,t1341,6.212390779374524
1404,t1340,5.956700551057364
1405,t1343,6.090779963912952
1406,t2838,6.972111546425362
1407,t2839,6.775666967428044
1408,t2830,6.642726606507942
1409,t801,6.814838628660205
1410,t802,5.959797612781187
1411,t804,5.704705926502763
1412,t805,6.323911383938091
1413,t806,5.6562382693691635
1414,t808,5.765461101601919
1415,t809,5.784137968902251
1416,t1231,5.935331508695458
1417,t1230,5.980164541519989
1418,t1232,5.8273583230700465
1419,t2128,6.80513403280598
1420,t2129,6.450093620107522
1421,t1237,6.483984539723009
1422,t1239,6.445456194442617
1423,t1238,5.8691833042590495
1424,t2120,6.537677837502983
1425,t2122,6.565809930710506
1426,t1698,6.243297177207473
1427,t1161,6.5814607774861065
1428,t1160,6.585413934958212
1429,t1163,6.743525012911159
1430,t1165,6.043961208555013
1431,t1696,6.524918277361625
1432,t1167,6.567483312965425
1433,t1694,6.420694154156316
1434,t1589,6.34350298321374
1435,t1588,6.2636611089709335
1436,t1586,6.229977908366877
1437,t1585,6.254484546298854
1438,t1584,6.127370598642642
1439,t1583,6.647960840531158
1440,t1582,6.171213226623694
1441,t1581,6.32256873472767
1442,t1580,6.444919574265006
1443,t1767,6.227389568763091
1444,t1764,6.214935452658561
1445,t1763,6.704637641347672
1446,t1762,6.1581322271672425
1447,t2289,6.771932059894718
1448,t1567,6.117901578479877
1449,t1561,6.66880978842363
1450,t1560,6.078765340708826
1451,t1562,6.433237154570419
1452,t1759,6.370098385598303
1453,t2766,6.827779860991569
1454,t1427,6.3951581777543876
1455,t691,6.900940957118513
1456,t248,4.9612863988377764
1457,t249,5.085696425185559
1458,t246,4.536280580931602
1459,t247,5.778951173879822
1460,t244,4.559232291680607
1461,t245,4.266354778105528
1462,t242,5.403305375671775
1463,t243,4.295478840590983
1464,t240,4.182762494579367
1465,t241,5.84274416830819
1466,t2163,6.41637347717432
1467,t694,5.740117958058227
1468,t1234,6.680681995529126
1469,t3757,6.940816821495405
1470,t924,5.868332383470501
1471,t527,4.930426532081979
1472,t3268,6.875490889396164
1473,t398,4.559378542493086
1474,t399,5.81724254645454
1475,t390,4.786718590665274
1476,t391,5.357140696766409
1477,t392,4.717639558233928
1478,t393,6.068652777700576
1479,t394,4.639731684373752
1480,t395,5.1874385255201325
1481,t396,5.534071252537697
1482,t397,5.278344951671606
1483,t2110,6.734722794826079
1484,t3755,6.934729773032305
1485,t3193,6.919885196570089
1486,t1460,6.116589837301857
1487,t3194,6.795744228902556
1488,t3469,6.870315645424144
1489,t2604,6.956215960402872
1490,t2768,6.809296054725153
1491,t3454,6.9089401531609695
1492,t1828,6.418500240696265
1493,t1820,6.2782016032335815
1494,t1821,6.529405709662954
1495,t1824,6.58420411871288
1496,t1826,6.8320707614310985
1497,t1827,6.437450206837466
1498,t732,6.563269059741176
1499,t2023,6.374566666554931
1500,t2022,6.338439468855097
1501,t736,5.810148042854391
1502,t2024,6.523953325991868
1503,t3688,6.909200224019711
1504,t2029,6.433958545487869
1505,t2028,6.8571463159539725
1506,t738,6.272280040207801
1507,t739,6.799350428496731
1508,t3682,6.95101988810705
1509,t3048,6.895945732051383
1510,t3049,6.722296805295457
1511,t3517,6.869000919142961
1512,t3047,6.8184140150097745
1513,t3511,6.8724323103915035
1514,t2930,6.705024213975801
1515,t2934,6.72503159121931
1516,t655,6.32379033485786
1517,t654,5.989653336170419
1518,t657,5.169952167433146
1519,t656,5.2901716362413636
1520,t1910,6.259767410834422
1521,t650,6.239204907225342
1522,t1912,6.379845094675846
1523,t652,5.324155714795074
1524,t659,5.6471207582116385
1525,t1919,6.837568618441259
1526,t2841,6.694906668998586
1527,t2483,6.646021117150185
1528,t2482,6.92499022836823
1529,t2481,6.682110621776138
1530,t2486,6.585822124946845
1531,t2335,6.494827793575882
1532,t2337,6.9299167735635105
1533,t2488,6.52979424161646
1534,t2331,6.824046490224414
1535,t2333,6.544325256136742
1536,t2807,6.938758257291025
1537,t2805,6.734974735219173
1538,t2802,6.66456085586224
1539,t1358,6.25113667669763
1540,t1359,6.13235713074757
1541,t1356,6.465735394735912
1542,t1357,6.417701683546795
1543,t1355,6.58824239048513
1544,t1352,6.354804864972909
1545,t1353,6.95198163260865
1546,t1350,6.148388317779858
1547,t1351,6.066546970525365
1548,t812,6.144210564223071
1549,t811,5.953707256445791
1550,t810,5.562668495673763
1551,t816,5.405770655387607
1552,t815,5.788331271654036
1553,t814,5.5438289079367635
1554,t819,6.581023249755629
1555,t1223,6.471197237811978
1556,t1220,6.835463747179404
1557,t1226,5.860611082514441
1558,t1224,6.30382951407204
1559,t2153,6.892709733636986
1560,t1229,6.57857105397699
1561,t2154,6.589317071605296
1562,t2157,6.872660845402302
1563,t2156,6.958427370230174
1564,t1179,6.430639484178522
1565,t1174,5.910072600478544
1566,t1598,6.654414722747742
1567,t1599,6.377494383828036
1568,t1590,6.615793612008896
1569,t1592,6.194188328535112
1570,t1593,6.469736915015226
1571,t1594,6.164321552828007
1572,t1596,6.220690211592629
1573,t1770,6.26205536639832
1574,t1772,6.509784422660294
1575,t1774,6.164093067755828
1576,t1775,6.783757549993402
1577,t1776,6.678253704164873
1578,t1778,6.343887159927475
1579,t1576,6.556720476903402
1580,t1577,6.127878687273333
1581,t1575,6.601206394980004
1582,t1572,6.2061317219559315
1583,t1570,6.247340646400551
1584,t1579,6.383052130656423
1585,t1301,6.472074359480237
1586,t997,6.40631378671852
1587,t1303,6.477579455104004
1588,t1685,6.239040850711404
1589,t1302,6.840858170808285
1590,t1681,6.142450336526917
1591,t1683,6.179981430968697
1592,t1305,6.2324229938806655
1593,t1689,6.417691786449975
1594,t993,6.642951524528148
1595,t673,5.620181441986964
1596,t585,5.670207712280513
1597,t856,6.289663108451319
1598,t587,5.162077510065676
1599,t854,6.443380840392836
1600,t853,5.483393606201246
1601,t583,5.086641943930752
1602,t1467,6.544061508022446
1603,t259,4.214193808578079
1604,t258,5.956298928852336
1605,t2039,6.9366225796259355
1606,t2775,6.860309196876409
1607,t251,4.367554893332414
1608,t250,4.648805664344875
1609,t253,5.796739617439895
1610,t252,4.658886110434802
1611,t255,4.235929985347182
1612,t254,4.34245468950018
1613,t257,6.67884091330799
1614,t256,4.424600737043586
1615,t1646,6.855048024359126
1616,t3522,6.90192661570865
1617,t389,4.687114021845056
1618,t388,4.993954879625971
1619,t383,5.740622350803935
1620,t382,4.950870121805482
1621,t381,4.501141628233747
1622,t380,4.50639331719282
1623,t387,5.675552305147164
1624,t385,6.179992631497728
1625,t384,5.55417750159632
1626,t3329,6.957534597259906
1627,t3328,6.931055492601982
1628,t3325,6.9052191915156405
1629,t3326,6.8295638554688045
1630,t3322,6.904044619597174
1631,t2032,6.916447438501598
1632,t2033,6.3135781295444975
1633,t3515,6.932592203113947
1634,t729,5.337786275976692
1635,t728,6.327148257673773
1636,t2035,6.405599998485599
1637,t724,5.30866129187617
1638,t727,6.026121470097799
1639,t726,5.79527804924704
1640,t721,5.628385367147725
1641,t622,6.872945877767424
1642,t723,5.395830353156787
1643,t722,6.332173449724296
1644,t3039,6.9227732557245485
1645,t3038,6.944285538516391
1646,t624,5.929728646224095
1647,t3520,6.899048976437807
1648,t625,5.5819835038458505
1649,t626,5.137508499411037
1650,t1966,6.911383055684152
1651,t620,5.1822969245855806
1652,t621,5.157211430231679
1653,t1963,6.628642892605691
1654,t623,5.5432752792684985
1655,t1965,6.4885291683206034
1656,t1964,6.503302520923533
1657,t1967,6.466164652528073
1658,t627,6.007030869584853
1659,t1968,6.624427796332055
1660,t3140,6.965950398744899
1661,t3143,6.785596544051933
1662,t2325,6.550772644771757
1663,t2322,6.748466040749571
1664,t2491,6.601547690276911
1665,t2320,6.912564786045347
1666,t2321,6.556306223821334
1667,t2810,6.808965706374408
1668,t2818,6.690899755175757
1669,t2819,6.705203759942209
1670,t1360,6.300658328670444
1671,t2243,6.728098568485812
1672,t1365,5.949791052386522
1673,t538,6.037054395784133
1674,t539,5.947008684267937
1675,t829,6.169743713627157
1676,t534,6.031830596670952
1677,t535,5.791351962397505
1678,t824,5.925274584782896
1679,t537,5.86376559698846
1680,t530,6.2638059404138655
1681,t823,5.420197198435229
1682,t820,5.845428429383343
1683,t533,5.013305431806492
1684,t2925,6.702127915586975
1685,t2927,6.967127975141631
1686,t1219,5.84802703215746
1687,t1218,5.960370874064474
1688,t1217,6.382215637316918
1689,t1216,6.238223455631208
1690,t1215,6.177437515804472
1691,t1214,6.344619461187178
1692,t1213,6.074752875392378
1693,t2147,6.415210053769679
1694,t1211,5.915199183261887
1695,t1788,6.2172710804035365
1696,t1784,6.940514092731896
1697,t1781,6.677394446830405
1698,t1783,6.203137152677732
1699,t1782,6.699012415364586
1700,t1542,6.268285952620475
1701,t1541,6.545440958000997
1702,t1547,6.046197417027493
1703,t1545,6.571657994034241
1704,t1544,6.1365543479943465
1705,t2497,6.920193800103068
1706,t2323,6.844937271731068
1707,t1147,6.744168858744664
1708,t1146,5.985347206445879
1709,t1145,6.227911980460101
1710,t1144,6.230406558424193
1711,t1143,6.161105207483669
1712,t1142,6.462986947849674
1713,t1141,6.344993604455491
1714,t1140,5.8603397383450435
1715,t1148,6.207020609877184
1716,t1366,6.972310093905717
1717,t49,3.8419136714207993
1718,t48,3.52467672676032
1719,t43,5.316658172888118
1720,t42,2.5639836986142712
1721,t41,2.4865058047572526
1722,t40,2.812959419918158
1723,t47,2.539647819119521
1724,t46,4.309318854154979
1725,t45,3.120899123768957
1726,t44,3.233280806416402
1727,t3202,6.907647152735696
1728,t1515,6.280869803436912
1729,t282,4.405295370164905
1730,t283,4.694765580815233
1731,t280,4.269641055174172
1732,t281,4.463474588705152
1733,t286,4.531747878907283
1734,t287,6.496175132281168
1735,t284,4.9860971931885985
1736,t285,5.172509862848779
1737,t288,4.497661365585186
1738,t289,4.445337562968033
1739,t3333,6.86844959908587
1740,t826,6.4566039446344625
1741,t798,5.517260924587356
1742,t536,5.825641827153584
1743,t825,6.244914642091567
1744,t531,5.794455829568559
1745,t3189,6.816870131298647
1746,t532,5.956045993566684
1747,t2799,6.687094624527043
1748,t821,5.888859849159126
1749,t758,5.687831662541477
1750,t759,5.66749420330248
1751,t3537,6.938194572260446
1752,t2009,6.656989831877415
1753,t2008,6.795901529960647
1754,t750,5.895246025810213
1755,t2006,6.556769276300876
1756,t752,5.450187784519454
1757,t753,5.564300025433205
1758,t754,6.142456267850781
1759,t2550,6.617303604333327
1760,t756,5.464026607318173
1761,t2000,6.39182713719708
1762,t1961,6.778054372590712
1763,t3022,6.717304341853232
1764,t3023,6.721570720914822
1765,t3021,6.8395559097182135
1766,t3026,6.733310087371887
1767,t2664,6.955320403266729
1768,t633,5.4700662726362586
1769,t632,5.729714924724118
1770,t631,6.210947852127327
1771,t630,5.606712148141687
1772,t637,6.327081894863986
1773,t636,5.262472958046822
1774,t635,5.735341329395687
1775,t634,6.575859765117544
1776,t639,5.671943459742301
1777,t1979,6.288361653697598
1778,t2141,6.692264212137137
1779,t2928,6.763037491545662
1780,t3156,6.953617238574675
1781,t2319,6.596216141088588
1782,t3155,6.859092728242113
1783,t2144,6.420806595082308
1784,t2311,6.880934720852065
1785,t2310,6.45900303950454
1786,t2317,6.668767314268809
1787,t3572,6.895929632386726
1788,t3158,6.784504877016485
1789,t2314,6.478003670120809
1790,t692,6.973391407396816
1791,t839,6.6369128979123815
1792,t838,5.8491876978798505
1793,t2172,6.503887891183584
1794,t2171,6.701926489107414
1795,t528,5.968860803607534
1796,t831,5.790740147330845
1797,t830,5.860657017005455
1798,t525,6.402118202528446
1799,t832,5.9876372882708715
1800,t523,5.584271796402975
1801,t522,6.013311404430913
1802,t837,6.1006368900695085
1803,t520,5.331869713303948
1804,t1208,5.986316054713491
1805,t1209,6.839443373043462
1806,t2953,6.7727070838320635
1807,t1200,6.116607802355907
1808,t1203,6.6729810583755444
1809,t1204,6.182521500742232
1810,t1205,6.92543882696052
1811,t1206,6.191768135538084
1812,t1377,6.046167363426033
1813,t1370,5.969246793744607
1814,t1371,6.478021738344655
1815,t1372,6.611477422492976
1816,t1373,6.079137104613768
1817,t1378,6.779566364345441
1818,t1798,6.432008567353885
1819,t1797,6.736396744215552
1820,t1794,6.522555701715643
1821,t1795,6.231567708411218
1822,t1792,6.88985499100417
1823,t1790,6.51158426914854
1824,t1791,6.5308082191923145
1825,t1559,6.135379000780395
1826,t1554,6.858184666093471
1827,t1555,6.9397823583009615
1828,t1557,6.490592663069778
1829,t1550,6.805848615658098
1830,t1551,6.473229857070081
1831,t1150,6.014581974234243
1832,t1151,6.777908505086131
1833,t1152,5.9488567283517435
1834,t1153,6.500951610232375
1835,t1155,6.5128286613496975
1836,t1156,5.873248323620546
1837,t1157,6.118156626080599
1838,t1158,6.196433671604804
1839,t196,4.0151353128780585
1840,t64,4.652947921673789
1841,t67,4.5321060524792784
1842,t58,3.254770564983176
1843,t59,4.26230910208353
1844,t66,2.830907635564959
1845,t2055,6.5309271231924475
1846,t50,3.0443958659176293
1847,t51,2.6354536899566603
1848,t52,3.2574674881389765
1849,t53,4.279314307144923
1850,t54,3.085746489110629
1851,t55,3.4434189759165785
1852,t56,3.0943449559126415
1853,t57,2.9851045869301425
1854,t2057,6.74846133036243
1855,t63,3.905949484120481
1856,t62,4.24521988259683
1857,t3231,6.951655755272901
1858,t702,5.915528449577712
1859,t2052,6.7421602142266055
1860,t2355,6.802068867977938
1861,t2420,6.8949759033020115
1862,t3693,6.949846793886747
1863,t2350,6.8495651897793755
1864,t3701,6.962815728696237
1865,t299,5.526199199497534
1866,t298,5.429006329232004
1867,t295,4.667828029595191
1868,t294,4.529519208025305
1869,t297,4.8379323378519725
1870,t296,4.562446636530689
1871,t291,4.791611400297073
1872,t290,5.738597192289542
1873,t293,4.372509985083691
1874,t292,5.97821847412782
1875,t3490,6.874853332993981
1876,t3497,6.967496389454768
1877,t3494,6.94950699588178
1878,t2789,6.684038527098804
1879,t2783,6.942465517876189
1880,t2018,6.303611167342589
1881,t748,5.689150590612182
1882,t2548,6.523932680396132
1883,t3010,6.949284535319886
1884,t743,5.290465812579726
1885,t742,5.496757005967557
1886,t2012,6.462403749510542
1887,t740,5.4657463733416956
1888,t747,5.377573494735743
1889,t746,5.79653322066477
1890,t2540,6.533625661309603
1891,t2017,6.603260299322603
1892,t3782,6.929230683802457
1893,t608,6.034522168871482
1894,t609,6.335173328247582
1895,t606,5.329390829811529
1896,t607,6.455905580432195
1897,t604,6.557800693266159
1898,t605,5.118243066921558
1899,t1943,6.4505932387999625
1900,t1942,6.285003293518132
1901,t600,6.894228664821731
1902,t601,5.074105699940233
1903,t2306,6.912948783219543
1904,t2302,6.714669662807708
1905,t2303,6.659626996532
1906,t2308,6.844076569810073
1907,t2309,6.975365499165859
1908,t2160,6.556722533074224
1909,t2161,6.421759186507304
1910,t518,4.997172202110336
1911,t519,6.037963301732044
1912,t512,5.654514584851109
1913,t513,5.614938750162773
1914,t510,5.707517527450938
1915,t511,5.545106739457407
1916,t517,5.277650755851709
1917,t514,4.8718204433660475
1918,t515,6.091879667234136
1919,t1899,6.262545892643267
1920,t1898,6.752298414745899
1921,t2765,6.810561585205951
1922,t2946,6.671023071974497
1923,t1890,6.244352506022664
1924,t1893,6.294532058760204
1925,t1892,6.248038382428312
1926,t1897,6.273176532200082
1927,t1418,6.576473049588505
1928,t1415,5.974433567553663
1929,t1410,6.507205235294668
1930,t1412,6.4639166966612684
1931,t1091,5.944910310171754
1932,t1093,5.821487047462657
1933,t1092,6.844748755852788
1934,t1095,5.824618405234869
1935,t1094,5.825491954862792
1936,t1096,5.8410121518380675
1937,t1099,6.178472185153441
1938,t1098,6.720719874514707
1939,t996,6.188499233499289
1940,t1300,6.111448472063668
1941,t994,5.713755706664957
1942,t995,5.859541313083561
1943,t992,5.634415632719044
1944,t1304,5.936643203822114
1945,t1309,6.7500263526490585
1946,t1308,6.508641014465904
1947,t998,5.724159404266596
1948,t999,5.789010025659262
1949,t2876,6.8254111194209095
1950,t833,6.576088572645487
1951,t1529,6.572505101252345
1952,t1528,6.68670735407745
1953,t649,5.955484001547477
1954,t1521,6.151504580091099
1955,t1523,6.2926268399981655
1956,t1522,6.4920739949641595
1957,t1525,6.642626109023345
1958,t1524,6.429295146454823
1959,t1526,6.825096389709306
1960,t1913,6.939900601261522
1961,t1960,6.28011033031799
1962,t1900,6.239001090089661
1963,t1907,6.587904604375272
1964,t3098,6.8329948967500425
1965,t1635,6.543120822839425
1966,t1637,6.103458851893654
1967,t1636,6.782470328739152
1968,t1631,6.116018811709449
1969,t1630,6.683710739572079
1970,t1632,6.18556395563862
1971,t645,5.352019423616425
1972,t1639,6.195112746017779
1973,t1638,6.567193202408065
1974,t3606,6.959154379685162
1975,t734,6.940367958726049
1976,t69,4.386181948747569
1977,t68,3.0965646029490212
1978,t198,6.111804673379859
1979,t65,3.436783496953854
1980,t197,4.593414660728445
1981,t194,4.28544296293181
1982,t195,5.380970670096395
1983,t192,5.546882225511536
1984,t60,2.89828727628402
1985,t190,6.176196524220708
1986,t191,5.065607492524297
1987,t358,4.760062322481355
1988,t359,5.854993878987506
1989,t354,5.792615551425886
1990,t355,5.918221272575086
1991,t356,4.976214320754189
1992,t357,4.632472478048547
1993,t350,6.385872871300591
1994,t351,4.928913546210107
1995,t352,6.796698200471187
1996,t353,4.614811408704626
1997,t1849,6.516021261166873
1998,t3692,6.930259840116468
1999,t3313,6.834530010989746
